id,first_name,last_name,email,gender,ip_address
1,Ronald,Brown,rbrown0@symantec.com,Male,251.38.54.30
2,Andrew,Morales,amorales1@cisco.com,Male,98.254.88.124
3,Paula,Payne,ppayne2@time.com,Female,230.33.152.43
4,Anne,Cox,acox3@tinyurl.com,Female,250.10.18.196
5,Katherine,Mitchell,kmitchell4@chronoengine.com,Female,82.5.225.23
6,Robert,Hunt,rhunt5@ifeng.com,Male,143.223.111.163
7,Betty,Fernandez,bfernandez6@xing.com,Female,10.211.14.188
8,Roy,Carr,rcarr7@mapquest.com,Male,117.105.51.0
9,Justin,Stephens,jstephens8@dailymail.co.uk,Male,144.21.111.79
10,Harry,Perez,hperez9@indiatimes.com,Male,83.97.41.10
11,Ralph,Burns,rburnsa@dailymail.co.uk,Male,151.173.70.23
12,Wanda,Shaw,wshawb@epa.gov,Female,185.16.195.86
13,Kathleen,Sanders,ksandersc@bigcartel.com,Female,110.139.218.22
14,Adam,Chavez,achavezd@state.tx.us,Male,85.188.148.232
15,Amy,Berry,aberrye@earthlink.net,Female,10.67.2.33
16,Fred,Evans,fevansf@goodreads.com,Male,98.179.39.15
17,Linda,Fernandez,lfernandezg@google.cn,Female,242.11.142.94
18,Joyce,Kim,jkimh@whitehouse.gov,Female,57.205.34.73
19,Ralph,Richards,rrichardsi@mashable.com,Male,1.103.153.51
20,Angela,Kim,akimj@networksolutions.com,Female,200.206.211.177
21,Judith,Schmidt,jschmidtk@theglobeandmail.com,Female,208.149.3.198
22,Brenda,Harvey,bharveyl@imgur.com,Female,247.167.215.237
23,Clarence,Lopez,clopezm@cargocollective.com,Male,229.0.0.226
24,Mark,Greene,mgreenen@360.cn,Male,61.193.97.245
25,Tammy,Knight,tknighto@ft.com,Female,205.196.243.92
26,Jeffrey,Bowman,jbowmanp@sfgate.com,Male,65.113.242.113
27,John,Powell,jpowellq@ocn.ne.jp,Male,141.114.86.210
28,Ryan,Hall,rhallr@weather.com,Male,71.163.19.147
29,Paula,Perry,pperrys@so-net.ne.jp,Female,238.133.233.208
30,Diane,Stewart,dstewartt@businessweek.com,Female,53.140.149.172
31,Deborah,Miller,dmilleru@opera.com,Female,148.129.237.202
32,Victor,Murray,vmurrayv@nationalgeographic.com,Male,153.83.226.120
33,Jessica,Moreno,jmorenow@meetup.com,Female,22.244.156.77
34,Carlos,Brooks,cbrooksx@dmoz.org,Male,49.146.105.193
35,Janice,Mcdonald,jmcdonaldy@biglobe.ne.jp,Female,186.147.160.114
36,Judy,Ortiz,jortizz@hibu.com,Female,183.214.199.131
37,Linda,Snyder,lsnyder10@issuu.com,Female,203.68.243.96
38,Frances,Simpson,fsimpson11@cornell.edu,Female,247.30.196.31
39,Debra,Carroll,dcarroll12@amazonaws.com,Female,162.122.191.245
40,Ashley,Harvey,aharvey13@drupal.org,Female,122.159.75.124
41,Barbara,Davis,bdavis14@mail.ru,Female,134.172.58.131
42,Mark,Sims,msims15@toplist.cz,Male,0.185.200.154
43,Robert,Peterson,rpeterson16@delicious.com,Male,181.246.223.144
44,Billy,Woods,bwoods17@studiopress.com,Male,144.143.132.15
45,Sean,Hansen,shansen18@dmoz.org,Male,92.21.55.199
46,Melissa,Young,myoung19@people.com.cn,Female,244.14.161.32
47,Tina,Hill,thill1a@naver.com,Female,87.142.34.51
48,Andrea,Ellis,aellis1b@sphinn.com,Female,178.124.218.138
49,Julie,Gilbert,jgilbert1c@csmonitor.com,Female,124.133.146.93
50,Cheryl,Richards,crichards1d@sitemeter.com,Female,206.176.205.51
51,Johnny,Adams,jadams1e@netlog.com,Male,178.133.56.81
52,Sara,Walker,swalker1f@webmd.com,Female,78.134.53.59
53,Howard,Carter,hcarter1g@netlog.com,Male,93.59.118.226
54,Gary,Mills,gmills1h@hp.com,Male,159.191.105.251
55,Jeremy,Perry,jperry1i@sciencedaily.com,Male,100.0.105.173
56,Terry,Fields,tfields1j@geocities.com,Male,24.132.139.102
57,Larry,George,lgeorge1k@nba.com,Male,250.122.168.88
58,Annie,Wright,awright1l@hibu.com,Female,82.170.248.204
59,Rachel,Sanchez,rsanchez1m@ow.ly,Female,22.81.17.200
60,Joseph,James,jjames1n@mtv.com,Male,216.166.65.82
61,Lisa,Duncan,lduncan1o@boston.com,Female,218.36.124.240
62,Betty,Allen,ballen1p@home.pl,Female,218.243.228.54
63,Douglas,Dixon,ddixon1q@mapy.cz,Male,76.212.125.207
64,Joseph,Hall,jhall1r@wikimedia.org,Male,213.40.161.82
65,Tina,Ryan,tryan1s@dailymail.co.uk,Female,166.127.49.9
66,Martha,Wallace,mwallace1t@cam.ac.uk,Female,230.243.87.37
67,Lori,Griffin,lgriffin1u@eepurl.com,Female,73.58.131.62
68,Daniel,Sanders,dsanders1v@oracle.com,Male,252.112.168.69
69,Michael,Jones,mjones1w@latimes.com,Male,164.252.207.87
70,Andrew,Hamilton,ahamilton1x@uiuc.edu,Male,246.180.130.87
71,Dorothy,Brooks,dbrooks1y@usatoday.com,Female,30.182.137.27
72,Brandon,Tucker,btucker1z@scientificamerican.com,Male,85.80.196.95
73,Ashley,Watkins,awatkins20@forbes.com,Female,31.139.233.217
74,Anna,Jackson,ajackson21@buzzfeed.com,Female,155.236.170.0
75,Diane,Peterson,dpeterson22@tuttocitta.it,Female,77.73.152.66
76,Cynthia,Lawson,clawson23@sogou.com,Female,89.137.235.227
77,Tammy,Walker,twalker24@cornell.edu,Female,109.47.75.23
78,Terry,Allen,tallen25@ucla.edu,Male,66.254.238.201
79,Keith,Warren,kwarren26@oakley.com,Male,67.131.66.207
80,Jason,Mcdonald,jmcdonald27@dropbox.com,Male,62.19.9.198
81,Randy,Coleman,rcoleman28@google.com.hk,Male,167.70.197.141
82,Carlos,George,cgeorge29@nhs.uk,Male,218.127.113.170
83,Rachel,Stevens,rstevens2a@homestead.com,Female,231.104.105.40
84,Frank,Schmidt,fschmidt2b@tinypic.com,Male,47.43.191.52
85,Rachel,Garza,rgarza2c@biglobe.ne.jp,Female,43.147.24.194
86,Jimmy,Anderson,janderson2d@xrea.com,Male,3.168.230.35
87,Arthur,Snyder,asnyder2e@google.pl,Male,152.74.83.124
88,Scott,Fields,sfields2f@elegantthemes.com,Male,144.61.45.175
89,Phyllis,Gonzalez,pgonzalez2g@apache.org,Female,197.170.79.204
90,Melissa,Ferguson,mferguson2h@gizmodo.com,Female,59.189.211.82
91,Lawrence,Young,lyoung2i@google.co.jp,Male,249.219.179.211
92,Carol,Perez,cperez2j@cnn.com,Female,83.132.17.221
93,Jack,Cunningham,jcunningham2k@cdc.gov,Male,50.144.45.45
94,Nancy,Gordon,ngordon2l@squidoo.com,Female,73.214.192.140
95,Kathleen,Miller,kmiller2m@rakuten.co.jp,Female,227.160.221.137
96,Nicholas,Martin,nmartin2n@chronoengine.com,Male,190.1.194.53
97,Timothy,Wheeler,twheeler2o@wisc.edu,Male,253.205.40.56
98,Norma,Burton,nburton2p@nsw.gov.au,Female,96.169.5.78
99,Tammy,Stanley,tstanley2q@paypal.com,Female,120.50.87.41
100,Irene,Thompson,ithompson2r@illinois.edu,Female,153.159.248.227
101,Wanda,Sims,wsims2s@webs.com,Female,10.78.5.85
102,Randy,Lee,rlee2t@netlog.com,Male,213.89.200.174
103,Janet,Wallace,jwallace2u@purevolume.com,Female,103.9.249.187
104,Virginia,Cox,vcox2v@aboutads.info,Female,200.167.247.172
105,Craig,Ward,cward2w@ca.gov,Male,215.87.75.21
106,Kimberly,Lewis,klewis2x@addtoany.com,Female,125.175.180.238
107,Gregory,Gilbert,ggilbert2y@tinyurl.com,Male,247.182.128.64
108,Ryan,Long,rlong2z@vinaora.com,Male,255.144.53.174
109,Joan,Washington,jwashington30@1688.com,Female,50.12.33.71
110,Heather,Bryant,hbryant31@tuttocitta.it,Female,41.113.51.203
111,Randy,Matthews,rmatthews32@moonfruit.com,Male,241.57.238.49
112,Phillip,Evans,pevans33@google.com,Male,108.178.40.60
113,Katherine,Lawson,klawson34@hibu.com,Female,221.13.75.249
114,Jennifer,Morgan,jmorgan35@live.com,Female,130.215.174.174
115,Martin,Rogers,mrogers36@arstechnica.com,Male,58.123.164.76
116,Jean,Campbell,jcampbell37@sitemeter.com,Female,62.221.34.28
117,Larry,King,lking38@usda.gov,Male,22.102.144.236
118,Kathy,Wood,kwood39@furl.net,Female,74.27.169.100
119,Theresa,Hunter,thunter3a@ow.ly,Female,209.173.243.75
120,Laura,Pierce,lpierce3b@discuz.net,Female,25.55.152.185
121,Louise,Tucker,ltucker3c@accuweather.com,Female,235.95.77.22
122,Carolyn,Shaw,cshaw3d@canalblog.com,Female,178.190.7.94
123,Evelyn,Burton,eburton3e@chicagotribune.com,Female,119.221.89.49
124,Andrea,Ruiz,aruiz3f@bigcartel.com,Female,115.122.254.70
125,Janet,Myers,jmyers3g@skyrock.com,Female,152.28.9.25
126,Diana,Brown,dbrown3h@smugmug.com,Female,140.106.1.27
127,Barbara,Franklin,bfranklin3i@paginegialle.it,Female,254.141.147.159
128,Doris,Bowman,dbowman3j@360.cn,Female,124.132.35.249
129,Jean,Reynolds,jreynolds3k@ning.com,Female,225.151.68.30
130,Mary,Crawford,mcrawford3l@mapy.cz,Female,177.248.251.140
131,Donald,Hudson,dhudson3m@va.gov,Male,59.193.124.65
132,Nicole,Walker,nwalker3n@uol.com.br,Female,98.130.48.241
133,Louis,Nguyen,lnguyen3o@pen.io,Male,121.232.106.38
134,Heather,Nichols,hnichols3p@fc2.com,Female,210.140.201.95
135,Jacqueline,Boyd,jboyd3q@wordpress.com,Female,176.20.223.6
136,Nicholas,Watkins,nwatkins3r@gov.uk,Male,178.175.254.89
137,Laura,Wagner,lwagner3s@odnoklassniki.ru,Female,60.38.133.24
138,Patricia,Cooper,pcooper3t@livejournal.com,Female,88.240.149.111
139,Jack,Peters,jpeters3u@tumblr.com,Male,200.23.225.81
140,Jonathan,Carr,jcarr3v@discuz.net,Male,193.2.57.251
141,Laura,Wells,lwells3w@mlb.com,Female,22.218.149.28
142,Joan,Weaver,jweaver3x@xrea.com,Female,96.92.209.139
143,Adam,Stevens,astevens3y@sciencedirect.com,Male,43.239.170.96
144,Frances,Chapman,fchapman3z@timesonline.co.uk,Female,114.2.203.65
145,Terry,Jones,tjones40@hc360.com,Male,246.191.22.253
146,Angela,Miller,amiller41@webmd.com,Female,218.94.243.35
147,Gloria,Davis,gdavis42@disqus.com,Female,58.154.239.123
148,Jeremy,Cruz,jcruz43@businesswire.com,Male,193.64.22.15
149,Juan,Walker,jwalker44@netlog.com,Male,198.49.178.126
150,Betty,Simmons,bsimmons45@umn.edu,Female,164.107.198.225
151,Aaron,Hayes,ahayes46@webnode.com,Male,196.124.103.73
152,Angela,Wright,awright47@usnews.com,Female,242.1.43.241
153,Catherine,Ward,cward48@icq.com,Female,75.230.211.105
154,Brandon,Thomas,bthomas49@t-online.de,Male,98.52.65.47
155,Nicholas,Thomas,nthomas4a@webs.com,Male,226.85.137.132
156,Margaret,Jenkins,mjenkins4b@umich.edu,Female,249.255.199.56
157,Keith,Baker,kbaker4c@state.gov,Male,137.159.92.254
158,Christopher,Torres,ctorres4d@clickbank.net,Male,240.24.207.22
159,Carl,Fuller,cfuller4e@sciencedaily.com,Male,235.94.134.195
160,Julia,Reynolds,jreynolds4f@dailymotion.com,Female,241.62.137.193
161,Jonathan,Nguyen,jnguyen4g@baidu.com,Male,60.0.88.169
162,Judith,Wilson,jwilson4h@mozilla.org,Female,55.177.82.114
163,Harry,Hamilton,hhamilton4i@whitehouse.gov,Male,198.218.149.117
164,Alice,Bailey,abailey4j@bloomberg.com,Female,126.225.9.158
165,Alice,Kim,akim4k@usa.gov,Female,125.176.110.239
166,Phillip,Meyer,pmeyer4l@upenn.edu,Male,196.255.158.176
167,Judith,Henry,jhenry4m@yandex.ru,Female,210.230.102.12
168,Martha,Andrews,mandrews4n@icq.com,Female,12.234.36.216
169,Louise,Russell,lrussell4o@sphinn.com,Female,240.97.223.127
170,Gloria,Henderson,ghenderson4p@liveinternet.ru,Female,63.117.129.161
171,Richard,Howard,rhoward4q@woothemes.com,Male,219.177.29.195
172,Craig,Sanders,csanders4r@constantcontact.com,Male,192.123.165.58
173,Frances,Carr,fcarr4s@123-reg.co.uk,Female,211.34.40.49
174,Roy,Little,rlittle4t@yelp.com,Male,215.3.158.148
175,Steven,Washington,swashington4u@army.mil,Male,82.215.197.102
176,Katherine,Davis,kdavis4v@wired.com,Female,67.58.55.252
177,Betty,Stevens,bstevens4w@mtv.com,Female,121.43.73.236
178,Antonio,Fox,afox4x@histats.com,Male,89.52.86.228
179,Adam,Perez,aperez4y@networkadvertising.org,Male,251.191.50.114
180,Lori,Scott,lscott4z@time.com,Female,2.175.73.74
181,Denise,Stevens,dstevens50@bravesites.com,Female,28.87.94.240
182,Scott,Rogers,srogers51@seattletimes.com,Male,70.214.206.0
183,Heather,Brooks,hbrooks52@mashable.com,Female,69.148.14.104
184,Thomas,Lane,tlane53@smh.com.au,Male,217.17.14.110
185,Scott,Perkins,sperkins54@google.cn,Male,39.204.21.85
186,Donna,Hanson,dhanson55@barnesandnoble.com,Female,188.141.63.154
187,Sharon,Carr,scarr56@hugedomains.com,Female,125.3.253.9
188,Christopher,Bryant,cbryant57@hp.com,Male,172.23.201.19
189,Gerald,Thomas,gthomas58@bizjournals.com,Male,215.158.248.22
190,John,Hanson,jhanson59@umich.edu,Male,194.39.254.94
191,Alice,Welch,awelch5a@youtube.com,Female,225.203.211.138
192,Steven,Gomez,sgomez5b@weather.com,Male,28.211.78.204
193,Joan,Harrison,jharrison5c@latimes.com,Female,255.32.197.30
194,Wanda,Long,wlong5d@nationalgeographic.com,Female,181.213.78.35
195,Ryan,Little,rlittle5e@nydailynews.com,Male,68.116.101.58
196,Justin,Fuller,jfuller5f@people.com.cn,Male,204.152.28.63
197,Joyce,Gonzalez,jgonzalez5g@unc.edu,Female,84.20.25.61
198,Joe,Freeman,jfreeman5h@mtv.com,Male,68.118.155.121
199,Michelle,Harvey,mharvey5i@bing.com,Female,95.50.151.160
200,Ralph,Barnes,rbarnes5j@joomla.org,Male,213.119.186.124
201,Kathy,Ryan,kryan5k@elegantthemes.com,Female,5.21.24.133
202,Martha,Hill,mhill5l@dedecms.com,Female,156.131.75.191
203,Scott,Green,sgreen5m@cdc.gov,Male,129.0.135.41
204,Nancy,Morris,nmorris5n@chronoengine.com,Female,93.107.21.27
205,Louis,Gomez,lgomez5o@tmall.com,Male,235.21.130.158
206,Christopher,Hernandez,chernandez5p@marriott.com,Male,45.182.87.105
207,Julie,Sims,jsims5q@indiatimes.com,Female,28.197.139.95
208,Brandon,Warren,bwarren5r@photobucket.com,Male,96.240.137.152
209,Cynthia,Ramos,cramos5s@artisteer.com,Female,121.116.194.82
210,Patrick,Torres,ptorres5t@free.fr,Male,202.210.18.233
211,Janet,White,jwhite5u@elegantthemes.com,Female,139.66.125.214
212,Bruce,Lane,blane5v@google.com.br,Male,83.107.141.213
213,Mildred,Rose,mrose5w@php.net,Female,242.74.3.48
214,Steven,West,swest5x@about.com,Male,15.86.189.2
215,Theresa,Lawson,tlawson5y@soup.io,Female,24.108.213.103
216,Ernest,Murphy,emurphy5z@kickstarter.com,Male,240.147.119.196
217,Bruce,Montgomery,bmontgomery60@bluehost.com,Male,26.146.123.127
218,Terry,Palmer,tpalmer61@fastcompany.com,Male,238.161.141.17
219,Denise,Martin,dmartin62@squarespace.com,Female,3.101.126.78
220,Ronald,Carr,rcarr63@live.com,Male,98.240.37.236
221,Annie,Hernandez,ahernandez64@about.com,Female,103.25.79.160
222,Eric,Stone,estone65@google.cn,Male,49.18.156.129
223,Kenneth,Sanchez,ksanchez66@nsw.gov.au,Male,207.22.242.2
224,Sean,Morgan,smorgan67@meetup.com,Male,221.8.87.248
225,Charles,Ryan,cryan68@hhs.gov,Male,136.156.32.55
226,Amy,Ramirez,aramirez69@blogger.com,Female,207.25.24.209
227,Nancy,Owens,nowens6a@slashdot.org,Female,131.169.222.241
228,Joyce,Torres,jtorres6b@drupal.org,Female,43.131.113.156
229,Anne,Patterson,apatterson6c@foxnews.com,Female,27.188.196.134
230,Joyce,Jordan,jjordan6d@google.de,Female,177.221.153.58
231,Russell,Mason,rmason6e@craigslist.org,Male,104.70.19.175
232,Patrick,Mccoy,pmccoy6f@mediafire.com,Male,107.166.18.12
233,Beverly,Watkins,bwatkins6g@bandcamp.com,Female,99.106.115.28
234,Frank,Fields,ffields6h@angelfire.com,Male,224.230.34.254
235,Debra,Murray,dmurray6i@hp.com,Female,158.187.192.60
236,Judith,Jacobs,jjacobs6j@umn.edu,Female,114.77.189.7
237,Joseph,Mccoy,jmccoy6k@paginegialle.it,Male,169.74.40.142
238,Todd,Sanchez,tsanchez6l@bloomberg.com,Male,249.175.69.111
239,Sean,Morris,smorris6m@cornell.edu,Male,188.166.217.97
240,Wayne,Ryan,wryan6n@webnode.com,Male,60.55.67.230
241,Aaron,Dean,adean6o@topsy.com,Male,229.23.251.243
242,Alice,Bradley,abradley6p@utexas.edu,Female,63.87.206.82
243,Roy,Torres,rtorres6q@biblegateway.com,Male,140.75.241.221
244,Timothy,Marshall,tmarshall6r@uol.com.br,Male,89.161.75.168
245,Christopher,Watkins,cwatkins6s@ucoz.com,Male,12.201.54.173
246,Linda,Hughes,lhughes6t@howstuffworks.com,Female,194.104.70.175
247,Ann,Adams,aadams6u@behance.net,Female,135.31.226.77
248,Amy,Morgan,amorgan6v@people.com.cn,Female,194.118.112.33
249,Joshua,Porter,jporter6w@edublogs.org,Male,220.132.110.252
250,Judy,Hayes,jhayes6x@phpbb.com,Female,39.96.122.87
251,Tina,Pierce,tpierce6y@prweb.com,Female,59.253.171.179
252,Emily,Flores,eflores6z@timesonline.co.uk,Female,7.50.19.150
253,Ernest,Bell,ebell70@sciencedaily.com,Male,122.36.239.154
254,Diane,Cox,dcox71@com.com,Female,21.144.230.116
255,Bruce,Cruz,bcruz72@4shared.com,Male,236.83.10.160
256,Albert,Pierce,apierce73@intel.com,Male,97.174.59.232
257,Andrew,Burns,aburns74@google.com.br,Male,205.70.221.25
258,Linda,Howell,lhowell75@soundcloud.com,Female,27.198.31.207
259,Brandon,Watson,bwatson76@cpanel.net,Male,11.73.109.8
260,Cheryl,Johnston,cjohnston77@altervista.org,Female,129.116.216.175
261,Betty,King,bking78@chicagotribune.com,Female,250.177.223.122
262,Wanda,Simmons,wsimmons79@w3.org,Female,3.35.6.201
263,Ruby,Ruiz,rruiz7a@slashdot.org,Female,194.244.100.232
264,Matthew,Fuller,mfuller7b@4shared.com,Male,101.233.73.249
265,Lisa,Mitchell,lmitchell7c@imdb.com,Female,60.52.59.126
266,Ruth,Vasquez,rvasquez7d@google.co.uk,Female,233.67.152.57
267,Jesse,Hansen,jhansen7e@booking.com,Male,135.181.158.161
268,Ralph,Cox,rcox7f@hatena.ne.jp,Male,245.27.73.197
269,Deborah,Harper,dharper7g@wikipedia.org,Female,255.183.188.249
270,Joan,Matthews,jmatthews7h@reference.com,Female,252.71.30.209
271,Andrew,Ray,aray7i@msu.edu,Male,211.13.120.10
272,Helen,Warren,hwarren7j@wunderground.com,Female,34.49.60.24
273,Frank,Lee,flee7k@hexun.com,Male,6.95.147.55
274,Diane,Castillo,dcastillo7l@tiny.cc,Female,124.248.101.231
275,Gregory,Hill,ghill7m@boston.com,Male,97.29.12.36
276,Arthur,Armstrong,aarmstrong7n@mozilla.org,Male,224.112.88.220
277,Todd,Hamilton,thamilton7o@yellowbook.com,Male,210.18.189.209
278,Phyllis,Payne,ppayne7p@imageshack.us,Female,255.165.236.52
279,Peter,Andrews,pandrews7q@123-reg.co.uk,Male,154.135.246.15
280,Stephanie,Fuller,sfuller7r@msu.edu,Female,52.146.210.248
281,Fred,Richards,frichards7s@engadget.com,Male,202.19.187.52
282,Robin,Reyes,rreyes7t@bloglines.com,Female,73.20.162.114
283,Amy,Peterson,apeterson7u@163.com,Female,34.140.81.40
284,Jeffrey,Howard,jhoward7v@salon.com,Male,255.198.0.207
285,Amanda,Lynch,alynch7w@pcworld.com,Female,182.208.4.71
286,Eugene,Fisher,efisher7x@deviantart.com,Male,229.197.137.238
287,Bonnie,Jenkins,bjenkins7y@lulu.com,Female,59.158.142.113
288,Chris,Nguyen,cnguyen7z@usnews.com,Male,243.156.190.131
289,Philip,King,pking80@blog.com,Male,22.38.6.134
290,Joe,Anderson,janderson81@cornell.edu,Male,172.231.27.155
291,Jose,Carr,jcarr82@utexas.edu,Male,132.62.223.105
292,Tammy,Banks,tbanks83@google.es,Female,156.6.119.150
293,Edward,Hudson,ehudson84@columbia.edu,Male,14.123.167.66
294,Emily,Frazier,efrazier85@dion.ne.jp,Female,242.61.176.159
295,Andrea,Gardner,agardner86@who.int,Female,21.141.127.69
296,Melissa,Pierce,mpierce87@irs.gov,Female,61.180.78.14
297,Adam,Ray,aray88@cbsnews.com,Male,246.82.60.198
298,Beverly,Griffin,bgriffin89@istockphoto.com,Female,234.222.73.27
299,Emily,Montgomery,emontgomery8a@wired.com,Female,235.92.199.160
300,Jerry,Phillips,jphillips8b@zdnet.com,Male,52.191.240.196
301,Deborah,Moore,dmoore8c@mapy.cz,Female,51.170.132.133
302,Ashley,Taylor,ataylor8d@usgs.gov,Female,166.121.2.41
303,Sean,Harper,sharper8e@disqus.com,Male,69.62.24.82
304,Roger,Perkins,rperkins8f@booking.com,Male,127.113.87.148
305,Joe,Little,jlittle8g@boston.com,Male,54.102.132.19
306,Gerald,Chavez,gchavez8h@hao123.com,Male,106.241.68.106
307,Virginia,Turner,vturner8i@nps.gov,Female,183.68.141.90
308,Billy,Stone,bstone8j@walmart.com,Male,244.230.71.67
309,Jeremy,Simpson,jsimpson8k@ebay.co.uk,Male,225.49.159.76
310,Charles,Greene,cgreene8l@blog.com,Male,193.84.193.219
311,Alice,Garrett,agarrett8m@time.com,Female,160.35.147.190
312,Bruce,Carroll,bcarroll8n@flickr.com,Male,150.239.244.160
313,Ronald,Daniels,rdaniels8o@t-online.de,Male,173.220.213.226
314,Todd,Ramirez,tramirez8p@free.fr,Male,175.149.59.30
315,Cheryl,Murray,cmurray8q@instagram.com,Female,134.1.76.34
316,Kathy,Bell,kbell8r@amazon.com,Female,72.164.189.240
317,Janice,Holmes,jholmes8s@pagesperso-orange.fr,Female,212.65.187.60
318,Laura,Gonzalez,lgonzalez8t@posterous.com,Female,195.41.100.2
319,Evelyn,Lawson,elawson8u@cnn.com,Female,202.172.191.38
320,Eric,Dixon,edixon8v@apache.org,Male,21.119.193.77
321,Patrick,Long,plong8w@ustream.tv,Male,243.36.17.147
322,Jessica,Nelson,jnelson8x@chicagotribune.com,Female,129.98.59.207
323,Chris,Bailey,cbailey8y@ehow.com,Male,77.104.7.46
324,Louise,Ellis,lellis8z@xing.com,Female,30.122.175.252
325,Sean,Kim,skim90@mlb.com,Male,204.82.25.173
326,Stephen,Ferguson,sferguson91@theguardian.com,Male,144.112.88.249
327,Barbara,Flores,bflores92@epa.gov,Female,221.188.102.82
328,Michael,Perez,mperez93@tamu.edu,Male,133.106.80.9
329,Gary,Henry,ghenry94@wufoo.com,Male,202.36.109.254
330,Bobby,Rose,brose95@google.ca,Male,246.231.82.164
331,Carlos,Nelson,cnelson96@cocolog-nifty.com,Male,211.1.100.122
332,Paul,Cunningham,pcunningham97@unesco.org,Male,192.190.104.216
333,Karen,Jenkins,kjenkins98@nymag.com,Female,52.58.42.79
334,Gregory,Tucker,gtucker99@spiegel.de,Male,26.169.160.49
335,Ernest,Rogers,erogers9a@ifeng.com,Male,167.233.93.62
336,Christopher,Holmes,cholmes9b@dagondesign.com,Male,230.146.92.66
337,Matthew,Miller,mmiller9c@cbsnews.com,Male,249.153.165.192
338,Melissa,Wallace,mwallace9d@netscape.com,Female,91.254.138.75
339,Lillian,Richardson,lrichardson9e@nature.com,Female,174.213.179.36
340,Janice,Gardner,jgardner9f@discovery.com,Female,71.157.169.47
341,Andrea,Daniels,adaniels9g@gov.uk,Female,142.48.153.143
342,Cynthia,Peters,cpeters9h@google.pl,Female,55.165.209.128
343,Judith,Owens,jowens9i@ebay.com,Female,161.200.74.136
344,George,Hanson,ghanson9j@g.co,Male,52.228.37.108
345,Bobby,Boyd,bboyd9k@liveinternet.ru,Male,212.115.18.208
346,Phillip,Stephens,pstephens9l@tumblr.com,Male,140.134.118.9
347,Nicholas,Stanley,nstanley9m@cnn.com,Male,118.225.55.210
348,Jimmy,Turner,jturner9n@about.me,Male,25.32.221.176
349,Randy,Watson,rwatson9o@tinypic.com,Male,201.220.142.95
350,Lillian,Brooks,lbrooks9p@blog.com,Female,56.59.114.141
351,Kathryn,Garza,kgarza9q@wired.com,Female,190.162.63.195
352,Kelly,Stephens,kstephens9r@nature.com,Female,172.205.95.213
353,James,Powell,jpowell9s@technorati.com,Male,100.53.118.204
354,Nicole,Reynolds,nreynolds9t@geocities.com,Female,41.3.174.123
355,Jose,Lawson,jlawson9u@parallels.com,Male,80.100.19.57
356,Jose,Foster,jfoster9v@china.com.cn,Male,181.236.125.44
357,Adam,Collins,acollins9w@weibo.com,Male,120.174.165.74
358,Dorothy,Weaver,dweaver9x@linkedin.com,Female,193.41.60.38
359,Todd,Thompson,tthompson9y@google.ca,Male,67.172.8.190
360,Eugene,Stewart,estewart9z@stanford.edu,Male,0.41.191.226
361,Irene,Brooks,ibrooksa0@yellowbook.com,Female,2.127.216.30
362,Ruth,Ryan,rryana1@telegraph.co.uk,Female,84.214.55.75
363,Jeffrey,Phillips,jphillipsa2@about.me,Male,53.159.248.105
364,Jeremy,Kelly,jkellya3@addtoany.com,Male,78.19.92.205
365,Amanda,Ryan,aryana4@homestead.com,Female,197.153.95.230
366,Evelyn,Lane,elanea5@squarespace.com,Female,15.71.63.36
367,Laura,Stephens,lstephensa6@flavors.me,Female,111.74.142.98
368,Charles,Robinson,crobinsona7@ucoz.ru,Male,132.79.27.31
369,Laura,Wagner,lwagnera8@usatoday.com,Female,186.249.57.84
370,Linda,Cole,lcolea9@bloglines.com,Female,232.108.21.199
371,Alice,Duncan,aduncanaa@accuweather.com,Female,89.147.205.19
372,Raymond,Kim,rkimab@economist.com,Male,249.91.69.122
373,Jack,Weaver,jweaverac@blogs.com,Male,199.68.176.254
374,Joe,Grant,jgrantad@elpais.com,Male,10.21.30.172
375,Frances,Dunn,fdunnae@nba.com,Female,96.5.200.42
376,George,Murphy,gmurphyaf@github.com,Male,9.102.166.47
377,Tammy,Coleman,tcolemanag@t.co,Female,5.84.79.122
378,Denise,Flores,dfloresah@dropbox.com,Female,74.99.129.177
379,Ruth,Long,rlongai@bloglovin.com,Female,240.7.139.131
380,Rose,Scott,rscottaj@soup.io,Female,101.167.234.214
381,Phillip,Fox,pfoxak@telegraph.co.uk,Male,140.86.10.244
382,Edward,Hamilton,ehamiltonal@latimes.com,Male,57.33.204.192
383,Annie,Murphy,amurphyam@chronoengine.com,Female,92.174.249.13
384,Jerry,Carter,jcarteran@etsy.com,Male,62.148.226.114
385,Melissa,Daniels,mdanielsao@salon.com,Female,75.238.126.107
386,Martin,Kelly,mkellyap@opera.com,Male,125.77.224.253
387,Carl,Evans,cevansaq@wp.com,Male,144.194.97.95
388,Annie,Young,ayoungar@tinypic.com,Female,91.123.236.46
389,Phyllis,Hughes,phughesas@guardian.co.uk,Female,122.181.14.124
390,Teresa,Lee,tleeat@meetup.com,Female,50.3.205.141
391,Marilyn,Watkins,mwatkinsau@taobao.com,Female,243.243.203.224
392,Teresa,Morales,tmoralesav@bloglines.com,Female,179.202.161.51
393,Ralph,Hansen,rhansenaw@ox.ac.uk,Male,98.149.101.63
394,Emily,Carter,ecarterax@icq.com,Female,52.191.69.95
395,Anthony,Washington,awashingtonay@mit.edu,Male,67.117.219.67
396,Amanda,Ellis,aellisaz@list-manage.com,Female,15.203.141.129
397,Stephanie,Reynolds,sreynoldsb0@miitbeian.gov.cn,Female,200.90.199.125
398,Ryan,Baker,rbakerb1@about.com,Male,129.87.49.129
399,Ryan,Schmidt,rschmidtb2@clickbank.net,Male,221.34.29.118
400,Tammy,Ramirez,tramirezb3@umich.edu,Female,107.95.165.202
401,Alan,Kennedy,akennedyb4@bandcamp.com,Male,244.162.231.164
402,Diana,Williamson,dwilliamsonb5@fema.gov,Female,216.158.217.66
403,Debra,Mendoza,dmendozab6@ucla.edu,Female,41.111.62.18
404,Carlos,Roberts,crobertsb7@craigslist.org,Male,166.233.121.61
405,Joyce,Miller,jmillerb8@engadget.com,Female,146.203.76.50
406,Justin,Butler,jbutlerb9@mac.com,Male,72.55.254.21
407,Kelly,Nguyen,knguyenba@github.io,Female,6.55.51.185
408,Frances,Myers,fmyersbb@unicef.org,Female,98.5.128.161
409,Mildred,Hunt,mhuntbc@upenn.edu,Female,240.77.14.12
410,Ronald,Harris,rharrisbd@chron.com,Male,237.91.106.142
411,Mildred,Graham,mgrahambe@jigsy.com,Female,219.103.97.6
412,Earl,Little,elittlebf@miitbeian.gov.cn,Male,85.47.59.210
413,Kevin,Richards,krichardsbg@yandex.ru,Male,81.173.153.157
414,Sharon,Kelly,skellybh@springer.com,Female,102.15.25.30
415,Kathy,Wright,kwrightbi@whitehouse.gov,Female,78.234.229.219
416,Thomas,Mendoza,tmendozabj@bluehost.com,Male,120.61.58.56
417,Jesse,Garrett,jgarrettbk@dailymail.co.uk,Male,42.210.111.174
418,Dorothy,Fuller,dfullerbl@ask.com,Female,223.0.42.53
419,Judith,Simmons,jsimmonsbm@techcrunch.com,Female,54.153.252.229
420,Earl,Black,eblackbn@google.cn,Male,238.112.245.131
421,Tina,Ellis,tellisbo@squarespace.com,Female,181.42.59.66
422,Eugene,Olson,eolsonbp@exblog.jp,Male,98.194.164.69
423,Joseph,Adams,jadamsbq@unesco.org,Male,156.53.75.196
424,Judith,Austin,jaustinbr@symantec.com,Female,247.178.121.73
425,Frank,Mccoy,fmccoybs@youku.com,Male,194.69.199.240
426,Patrick,Hernandez,phernandezbt@independent.co.uk,Male,243.9.127.110
427,Martha,Fields,mfieldsbu@rambler.ru,Female,200.127.223.20
428,Nicole,Fowler,nfowlerbv@nih.gov,Female,205.87.28.71
429,Pamela,Webb,pwebbbw@dagondesign.com,Female,129.254.240.99
430,Peter,Frazier,pfrazierbx@vk.com,Male,47.157.198.170
431,Patricia,Banks,pbanksby@ebay.co.uk,Female,207.197.147.197
432,Debra,Ward,dwardbz@ca.gov,Female,182.91.85.53
433,William,Dunn,wdunnc0@google.com.hk,Male,65.101.14.232
434,Jessica,Fisher,jfisherc1@issuu.com,Female,49.26.207.187
435,Virginia,Holmes,vholmesc2@paypal.com,Female,99.187.138.122
436,Randy,Castillo,rcastilloc3@guardian.co.uk,Male,230.49.25.83
437,Carlos,Washington,cwashingtonc4@amazonaws.com,Male,18.99.99.5
438,Richard,Jordan,rjordanc5@tumblr.com,Male,251.107.110.223
439,Victor,Webb,vwebbc6@bbc.co.uk,Male,115.75.139.172
440,Gerald,Hudson,ghudsonc7@utexas.edu,Male,153.116.206.15
441,Elizabeth,Johnston,ejohnstonc8@chronoengine.com,Female,93.233.111.66
442,Shawn,Ortiz,sortizc9@usa.gov,Male,18.233.187.240
443,Eugene,Sullivan,esullivanca@youtu.be,Male,244.104.205.240
444,Ann,Cox,acoxcb@nature.com,Female,122.193.165.179
445,Amy,Lopez,alopezcc@google.de,Female,71.22.124.68
446,Sarah,Watson,swatsoncd@tiny.cc,Female,139.54.131.218
447,Maria,Alvarez,malvarezce@tripod.com,Female,88.219.195.131
448,Christina,Sims,csimscf@ehow.com,Female,76.219.191.12
449,Justin,Wallace,jwallacecg@techcrunch.com,Male,215.139.88.234
450,Carolyn,Harris,charrisch@macromedia.com,Female,75.146.204.74
451,Nancy,Jordan,njordanci@nifty.com,Female,181.52.140.96
452,Mark,Gordon,mgordoncj@istockphoto.com,Male,242.104.225.140
453,Russell,Adams,radamsck@mail.ru,Male,27.218.172.239
454,Ralph,Hunter,rhuntercl@privacy.gov.au,Male,76.58.6.57
455,Denise,Peterson,dpetersoncm@posterous.com,Female,194.89.56.120
456,Sara,Parker,sparkercn@instagram.com,Female,34.172.173.117
457,Anne,Sanchez,asanchezco@yellowbook.com,Female,142.152.215.79
458,Maria,Greene,mgreenecp@ftc.gov,Female,42.88.182.209
459,Frank,Daniels,fdanielscq@exblog.jp,Male,165.189.155.124
460,Frances,Harper,fharpercr@taobao.com,Female,240.143.210.123
461,Patricia,Cox,pcoxcs@liveinternet.ru,Female,150.178.138.206
462,Larry,Welch,lwelchct@wikia.com,Male,150.88.205.249
463,Jimmy,Scott,jscottcu@privacy.gov.au,Male,160.43.202.168
464,Carol,Griffin,cgriffincv@blinklist.com,Female,167.5.160.75
465,Stephanie,Hall,shallcw@plala.or.jp,Female,18.206.94.155
466,Catherine,Perkins,cperkinscx@biblegateway.com,Female,133.186.128.156
467,Emily,Pierce,epiercecy@meetup.com,Female,51.221.156.99
468,Richard,Lawson,rlawsoncz@amazon.co.jp,Male,113.228.51.37
469,Marie,Reynolds,mreynoldsd0@nyu.edu,Female,157.240.203.203
470,Roger,Richardson,rrichardsond1@naver.com,Male,121.136.235.153
471,Kevin,Williams,kwilliamsd2@mashable.com,Male,174.180.232.20
472,Henry,Vasquez,hvasquezd3@themeforest.net,Male,173.235.253.138
473,Andrea,Torres,atorresd4@deviantart.com,Female,0.85.164.111
474,Alice,Olson,aolsond5@nih.gov,Female,61.109.62.133
475,Scott,Young,syoungd6@google.com.br,Male,152.83.216.243
476,Patrick,Gonzalez,pgonzalezd7@slideshare.net,Male,170.164.117.216
477,Betty,Wood,bwoodd8@omniture.com,Female,172.127.239.56
478,Christopher,Schmidt,cschmidtd9@blogspot.com,Male,18.224.188.137
479,Willie,Davis,wdavisda@networksolutions.com,Male,2.205.194.204
480,Joan,Harrison,jharrisondb@yelp.com,Female,102.119.110.91
481,Michelle,Washington,mwashingtondc@apache.org,Female,218.101.219.100
482,Walter,Sims,wsimsdd@tamu.edu,Male,254.199.192.85
483,Ruth,Kim,rkimde@dion.ne.jp,Female,180.2.247.2
484,Matthew,Bradley,mbradleydf@technorati.com,Male,186.60.216.195
485,Kenneth,Flores,kfloresdg@blogtalkradio.com,Male,57.216.216.167
486,Ann,Meyer,ameyerdh@smh.com.au,Female,0.214.63.210
487,Kathryn,Ferguson,kfergusondi@a8.net,Female,238.247.114.201
488,Ashley,Castillo,acastillodj@reverbnation.com,Female,180.33.195.95
489,Kevin,Tucker,ktuckerdk@ifeng.com,Male,170.45.184.166
490,Harold,Johnston,hjohnstondl@fc2.com,Male,56.195.13.110
491,Martha,Lee,mleedm@whitehouse.gov,Female,120.251.214.230
492,Steven,Hansen,shansendn@reuters.com,Male,104.30.79.37
493,Steven,Reyes,sreyesdo@auda.org.au,Male,13.185.185.76
494,Kathryn,Carroll,kcarrolldp@wordpress.org,Female,163.7.193.187
495,Sandra,Morrison,smorrisondq@toplist.cz,Female,124.0.184.5
496,Ernest,Gomez,egomezdr@taobao.com,Male,175.246.23.39
497,Donald,Webb,dwebbds@ibm.com,Male,176.229.213.230
498,Willie,Long,wlongdt@slideshare.net,Male,74.165.208.36
499,Janice,Knight,jknightdu@domainmarket.com,Female,94.28.125.123
500,Matthew,Davis,mdavisdv@cbsnews.com,Male,77.44.93.226
501,Donna,Long,dlongdw@sphinn.com,Female,151.180.16.62
502,Amy,Dixon,adixondx@apache.org,Female,111.202.44.229
503,Nicholas,Mcdonald,nmcdonalddy@histats.com,Male,190.101.220.192
504,David,Austin,daustindz@weather.com,Male,131.197.22.218
505,Peter,Hunter,phuntere0@narod.ru,Male,142.21.173.110
506,Jean,Hernandez,jhernandeze1@google.fr,Female,37.194.172.175
507,Frank,Lawson,flawsone2@indiatimes.com,Male,44.23.120.246
508,Randy,Mills,rmillse3@feedburner.com,Male,197.63.87.74
509,Donna,Hill,dhille4@squarespace.com,Female,192.100.146.237
510,Ruth,Cooper,rcoopere5@over-blog.com,Female,40.231.190.38
511,Juan,Taylor,jtaylore6@free.fr,Male,70.144.227.215
512,Jessica,Jenkins,jjenkinse7@google.es,Female,166.75.195.31
513,Beverly,Green,bgreene8@webnode.com,Female,104.43.231.179
514,Russell,Warren,rwarrene9@bandcamp.com,Male,240.234.48.65
515,Phillip,Henry,phenryea@artisteer.com,Male,252.84.53.33
516,Alice,Davis,adaviseb@techcrunch.com,Female,17.223.111.172
517,Louise,Morris,lmorrisec@prweb.com,Female,90.166.69.104
518,Robin,Russell,rrusselled@cbslocal.com,Female,40.61.144.111
519,Rose,Diaz,rdiazee@admin.ch,Female,219.61.252.198
520,Kathryn,Cook,kcookef@unicef.org,Female,245.131.42.149
521,Donna,Phillips,dphillipseg@creativecommons.org,Female,14.196.110.245
522,Billy,Price,bpriceeh@addthis.com,Male,248.215.153.91
523,Thomas,Rogers,trogersei@networksolutions.com,Male,11.180.53.38
524,Louis,Gardner,lgardnerej@google.nl,Male,139.72.237.11
525,Margaret,Coleman,mcolemanek@icq.com,Female,201.148.18.251
526,Howard,Campbell,hcampbellel@xrea.com,Male,54.242.177.255
527,Daniel,Johnson,djohnsonem@youku.com,Male,164.91.94.202
528,Jimmy,Mendoza,jmendozaen@delicious.com,Male,77.88.129.63
529,Harry,Russell,hrusselleo@wikimedia.org,Male,140.84.70.11
530,Gerald,Rivera,griveraep@wunderground.com,Male,77.185.70.135
531,Philip,Reyes,preyeseq@smugmug.com,Male,1.45.114.15
532,Donald,Harper,dharperer@unblog.fr,Male,249.151.127.79
533,Benjamin,Schmidt,bschmidtes@forbes.com,Male,219.60.179.254
534,Frank,Bishop,fbishopet@businesswire.com,Male,243.109.32.80
535,Jimmy,Cole,jcoleeu@netscape.com,Male,14.246.105.159
536,Diana,Little,dlittleev@newsvine.com,Female,161.70.187.222
537,Brenda,Lynch,blynchew@army.mil,Female,198.15.189.248
538,Denise,Wallace,dwallaceex@aol.com,Female,163.204.109.150
539,Robert,Welch,rwelchey@sitemeter.com,Male,18.11.246.168
540,William,Long,wlongez@stumbleupon.com,Male,124.75.158.165
541,Jason,Murphy,jmurphyf0@google.it,Male,170.162.207.91
542,Craig,Oliver,coliverf1@senate.gov,Male,189.226.167.167
543,Henry,Shaw,hshawf2@technorati.com,Male,207.208.42.141
544,Steve,Coleman,scolemanf3@webeden.co.uk,Male,242.27.79.169
545,David,Payne,dpaynef4@abc.net.au,Male,6.11.107.215
546,Barbara,Meyer,bmeyerf5@icio.us,Female,39.44.141.177
547,Charles,Ortiz,cortizf6@gmpg.org,Male,116.245.177.230
548,Eric,Olson,eolsonf7@360.cn,Male,169.165.167.195
549,Gerald,Ferguson,gfergusonf8@microsoft.com,Male,69.39.206.88
550,Theresa,Ellis,tellisf9@stanford.edu,Female,214.2.238.143
551,Christina,Jacobs,cjacobsfa@cyberchimps.com,Female,139.143.164.120
552,Rose,Johnson,rjohnsonfb@dot.gov,Female,222.218.205.12
553,Lillian,Larson,llarsonfc@tinyurl.com,Female,254.215.110.137
554,Pamela,Hansen,phansenfd@nyu.edu,Female,47.40.229.13
555,Kathy,Powell,kpowellfe@ucla.edu,Female,168.245.118.35
556,Victor,Snyder,vsnyderff@discuz.net,Male,82.129.57.181
557,Angela,Green,agreenfg@multiply.com,Female,108.107.150.52
558,Sharon,Harris,sharrisfh@scientificamerican.com,Female,160.155.75.6
559,Lisa,Hall,lhallfi@hud.gov,Female,23.150.79.99
560,Norma,Davis,ndavisfj@pagesperso-orange.fr,Female,241.36.63.121
561,Judith,Black,jblackfk@yandex.ru,Female,21.39.249.124
562,Karen,Hunter,khunterfl@indiegogo.com,Female,41.239.207.77
563,Angela,Schmidt,aschmidtfm@nytimes.com,Female,36.77.57.146
564,Robert,Berry,rberryfn@bing.com,Male,230.240.236.80
565,Deborah,Hanson,dhansonfo@sakura.ne.jp,Female,209.47.98.16
566,Nicole,Murphy,nmurphyfp@gizmodo.com,Female,212.64.209.75
567,Donald,Gilbert,dgilbertfq@nationalgeographic.com,Male,141.159.5.100
568,William,Dunn,wdunnfr@dailymail.co.uk,Male,198.117.76.218
569,Karen,Dean,kdeanfs@bigcartel.com,Female,159.49.133.198
570,Louise,Ryan,lryanft@illinois.edu,Female,101.125.91.166
571,Tina,Larson,tlarsonfu@aol.com,Female,19.237.165.18
572,Anna,Murray,amurrayfv@tamu.edu,Female,20.242.242.122
573,Judith,Moore,jmoorefw@e-recht24.de,Female,176.19.70.42
574,Ryan,Campbell,rcampbellfx@over-blog.com,Male,123.211.49.190
575,Randy,Nguyen,rnguyenfy@tiny.cc,Male,126.95.47.80
576,Richard,Richards,rrichardsfz@mapquest.com,Male,109.190.137.44
577,Justin,Morrison,jmorrisong0@reddit.com,Male,22.163.145.184
578,Ann,Brooks,abrooksg1@bloglines.com,Female,249.242.230.164
579,Pamela,Wallace,pwallaceg2@washington.edu,Female,92.233.196.28
580,Clarence,Foster,cfosterg3@google.it,Male,210.185.30.241
581,Richard,Garcia,rgarciag4@cornell.edu,Male,191.201.92.123
582,Jennifer,Peterson,jpetersong5@stanford.edu,Female,90.143.59.90
583,Michael,Garcia,mgarciag6@webeden.co.uk,Male,60.123.86.135
584,Ann,Russell,arussellg7@w3.org,Female,40.197.51.255
585,James,Wilson,jwilsong8@hc360.com,Male,170.65.57.245
586,Martin,Fisher,mfisherg9@list-manage.com,Male,33.229.114.149
587,Steve,Weaver,sweaverga@washingtonpost.com,Male,170.44.225.206
588,Jerry,Payne,jpaynegb@examiner.com,Male,224.95.71.212
589,Clarence,Hunt,chuntgc@paypal.com,Male,4.107.35.206
590,Jane,Jordan,jjordangd@ebay.co.uk,Female,124.189.146.18
591,Robin,Vasquez,rvasquezge@columbia.edu,Female,31.170.216.154
592,Jimmy,Davis,jdavisgf@devhub.com,Male,137.144.195.230
593,Lisa,Mendoza,lmendozagg@discovery.com,Female,90.40.199.90
594,Katherine,Wagner,kwagnergh@cbc.ca,Female,248.39.231.248
595,Jeremy,Myers,jmyersgi@alexa.com,Male,1.153.81.95
596,Amanda,Gonzalez,agonzalezgj@i2i.jp,Female,111.71.215.129
597,Ernest,Bailey,ebaileygk@adobe.com,Male,1.156.69.28
598,Jimmy,Adams,jadamsgl@netlog.com,Male,244.253.97.39
599,Barbara,Gomez,bgomezgm@about.me,Female,141.216.178.139
600,Richard,Hill,rhillgn@jalbum.net,Male,227.78.53.188
601,Adam,Fowler,afowlergo@multiply.com,Male,83.228.51.97
602,Joyce,Perez,jperezgp@bloglovin.com,Female,239.29.220.160
603,Alan,Garrett,agarrettgq@house.gov,Male,186.74.84.20
604,Antonio,Young,ayounggr@china.com.cn,Male,42.229.94.92
605,Harold,Bradley,hbradleygs@desdev.cn,Male,183.34.123.149
606,Todd,Ortiz,tortizgt@earthlink.net,Male,241.255.167.203
607,Debra,Davis,ddavisgu@yolasite.com,Female,198.154.216.25
608,Cynthia,White,cwhitegv@joomla.org,Female,99.91.160.89
609,Christopher,Hicks,chicksgw@yandex.ru,Male,27.97.148.255
610,Ronald,Mills,rmillsgx@51.la,Male,226.146.87.234
611,Albert,Wallace,awallacegy@reuters.com,Male,179.165.11.150
612,Jimmy,Perez,jperezgz@harvard.edu,Male,179.227.102.194
613,Katherine,King,kkingh0@com.com,Female,255.57.98.167
614,Matthew,Black,mblackh1@bloglovin.com,Male,17.216.232.116
615,Michael,Romero,mromeroh2@ca.gov,Male,36.224.12.172
616,Kimberly,Harvey,kharveyh3@boston.com,Female,244.167.24.61
617,Phyllis,Hicks,phicksh4@myspace.com,Female,184.219.241.135
618,Martin,Romero,mromeroh5@google.fr,Male,29.206.146.119
619,Phyllis,Willis,pwillish6@geocities.com,Female,111.80.251.147
620,Juan,Davis,jdavish7@latimes.com,Male,106.9.252.2
621,Joan,Taylor,jtaylorh8@shareasale.com,Female,40.202.118.195
622,George,Phillips,gphillipsh9@unblog.fr,Male,101.31.186.1
623,Martha,Phillips,mphillipsha@smugmug.com,Female,254.48.222.95
624,Terry,Garcia,tgarciahb@census.gov,Male,155.174.16.77
625,Clarence,Garcia,cgarciahc@bloomberg.com,Male,1.78.156.245
626,Shirley,Taylor,staylorhd@51.la,Female,107.137.125.6
627,Ruby,Long,rlonghe@infoseek.co.jp,Female,36.18.6.245
628,Eric,Davis,edavishf@pen.io,Male,35.251.129.10
629,Victor,Sims,vsimshg@devhub.com,Male,60.94.93.106
630,Clarence,Dixon,cdixonhh@bandcamp.com,Male,154.110.138.139
631,Eric,Castillo,ecastillohi@netvibes.com,Male,144.29.131.53
632,Patricia,Reyes,preyeshj@wsj.com,Female,101.36.35.236
633,Brian,Ortiz,bortizhk@usa.gov,Male,36.235.38.244
634,Carolyn,Harrison,charrisonhl@si.edu,Female,33.99.31.0
635,Daniel,Washington,dwashingtonhm@google.es,Male,232.84.5.81
636,Eric,Elliott,eelliotthn@ucoz.com,Male,35.171.114.168
637,Juan,Wood,jwoodho@admin.ch,Male,113.215.66.183
638,Marie,Shaw,mshawhp@fda.gov,Female,3.199.197.168
639,Steven,Henry,shenryhq@weebly.com,Male,252.160.186.38
640,Wayne,Smith,wsmithhr@sourceforge.net,Male,80.185.210.221
641,Julia,Roberts,jrobertshs@unc.edu,Female,67.129.143.225
642,Juan,Dunn,jdunnht@usgs.gov,Male,11.79.133.27
643,Ralph,Patterson,rpattersonhu@imgur.com,Male,105.154.222.25
644,Nancy,Pierce,npiercehv@senate.gov,Female,115.71.86.84
645,Ruth,Grant,rgranthw@dyndns.org,Female,18.55.30.97
646,Marie,Hart,mharthx@yahoo.com,Female,221.171.227.44
647,Christopher,Wood,cwoodhy@accuweather.com,Male,156.253.101.117
648,Ralph,Marshall,rmarshallhz@salon.com,Male,56.19.103.4
649,Janet,Crawford,jcrawfordi0@jigsy.com,Female,101.125.6.60
650,Donald,Palmer,dpalmeri1@de.vu,Male,195.18.243.51
651,Ashley,Kennedy,akennedyi2@telegraph.co.uk,Female,249.130.61.10
652,Catherine,Campbell,ccampbelli3@sbwire.com,Female,126.163.26.160
653,Roy,Montgomery,rmontgomeryi4@dagondesign.com,Male,159.54.193.12
654,Frances,Sanders,fsandersi5@thetimes.co.uk,Female,92.188.126.87
655,Rachel,Ramirez,rramirezi6@barnesandnoble.com,Female,179.82.59.144
656,Gloria,Simmons,gsimmonsi7@taobao.com,Female,216.114.205.214
657,Tammy,Richardson,trichardsoni8@zdnet.com,Female,155.235.0.158
658,Ashley,Fields,afieldsi9@addtoany.com,Female,1.148.12.47
659,Janet,Rice,jriceia@buzzfeed.com,Female,155.92.139.79
660,Amanda,Scott,ascottib@accuweather.com,Female,153.34.158.121
661,Carol,Murray,cmurrayic@nbcnews.com,Female,91.232.163.117
662,Lillian,Cunningham,lcunninghamid@eepurl.com,Female,71.156.166.238
663,Jack,Crawford,jcrawfordie@shareasale.com,Male,52.103.15.154
664,Emily,Riley,erileyif@unblog.fr,Female,54.84.116.2
665,Phillip,Stone,pstoneig@pagesperso-orange.fr,Male,232.113.8.249
666,John,Lane,jlaneih@nydailynews.com,Male,27.79.192.143
667,Susan,Stewart,sstewartii@sina.com.cn,Female,139.42.236.194
668,James,Edwards,jedwardsij@goo.ne.jp,Male,248.149.131.42
669,Nicholas,Carter,ncarterik@webnode.com,Male,236.182.176.51
670,Edward,Ray,erayil@boston.com,Male,234.199.55.209
671,Carolyn,Williamson,cwilliamsonim@mysql.com,Female,4.54.20.8
672,Ralph,Walker,rwalkerin@mail.ru,Male,10.82.128.190
673,Philip,Crawford,pcrawfordio@hud.gov,Male,162.93.112.51
674,Annie,Tucker,atuckerip@google.nl,Female,80.88.197.137
675,Michelle,Willis,mwillisiq@joomla.org,Female,67.234.124.90
676,Annie,Moore,amooreir@ocn.ne.jp,Female,15.101.196.240
677,Bobby,Richards,brichardsis@sina.com.cn,Male,242.5.183.13
678,Todd,Cooper,tcooperit@economist.com,Male,27.56.105.148
679,Christopher,Sullivan,csullivaniu@jugem.jp,Male,122.6.38.125
680,Lori,Martin,lmartiniv@ustream.tv,Female,1.66.97.23
681,Anne,Green,agreeniw@tiny.cc,Female,232.248.61.175
682,Tammy,Johnston,tjohnstonix@google.co.uk,Female,56.13.3.53
683,Frances,Knight,fknightiy@cmu.edu,Female,169.64.87.254
684,Lisa,Reid,lreidiz@businessweek.com,Female,101.179.0.227
685,Wayne,Ward,wwardj0@nationalgeographic.com,Male,15.188.58.99
686,Chris,Alexander,calexanderj1@thetimes.co.uk,Male,181.183.182.109
687,Virginia,Rivera,vriveraj2@behance.net,Female,81.98.124.46
688,Ann,Campbell,acampbellj3@blinklist.com,Female,56.170.222.110
689,Maria,Fowler,mfowlerj4@wisc.edu,Female,81.36.209.162
690,Kenneth,Fields,kfieldsj5@cbsnews.com,Male,110.143.168.164
691,Heather,Riley,hrileyj6@dropbox.com,Female,187.90.126.185
692,Cynthia,Fowler,cfowlerj7@ted.com,Female,27.58.55.69
693,Michael,Marshall,mmarshallj8@mediafire.com,Male,68.159.104.144
694,Shawn,Payne,spaynej9@tripod.com,Male,43.85.74.218
695,Elizabeth,Wheeler,ewheelerja@stanford.edu,Female,219.147.236.77
696,Wanda,Morgan,wmorganjb@nyu.edu,Female,168.0.84.112
697,Louis,Lynch,llynchjc@sakura.ne.jp,Male,45.143.45.107
698,Nancy,Henry,nhenryjd@hc360.com,Female,105.173.115.90
699,Virginia,Ward,vwardje@apache.org,Female,233.107.232.99
700,Martha,Hamilton,mhamiltonjf@pinterest.com,Female,146.75.3.69
701,Ann,Fernandez,afernandezjg@shutterfly.com,Female,99.55.239.155
702,Daniel,Dunn,ddunnjh@ihg.com,Male,217.117.186.19
703,Brian,Owens,bowensji@yandex.ru,Male,8.215.114.24
704,Jason,Washington,jwashingtonjj@google.ru,Male,46.214.33.64
705,Gerald,Foster,gfosterjk@bing.com,Male,98.15.53.12
706,Peter,Brooks,pbrooksjl@yahoo.com,Male,197.146.69.227
707,Earl,Cruz,ecruzjm@archive.org,Male,185.108.166.192
708,Brian,Mills,bmillsjn@shop-pro.jp,Male,18.14.211.126
709,Christine,Kennedy,ckennedyjo@flavors.me,Female,62.159.50.158
710,Jose,Murphy,jmurphyjp@yale.edu,Male,96.138.192.209
711,Jason,Hughes,jhughesjq@woothemes.com,Male,48.121.60.198
712,Victor,Griffin,vgriffinjr@sciencedirect.com,Male,25.199.71.87
713,Edward,Carter,ecarterjs@lulu.com,Male,215.147.130.211
714,Mildred,Moore,mmoorejt@barnesandnoble.com,Female,140.62.187.31
715,Betty,Mason,bmasonju@toplist.cz,Female,184.204.135.118
716,Jeffrey,George,jgeorgejv@gizmodo.com,Male,95.92.187.83
717,Christopher,Ross,crossjw@jigsy.com,Male,10.184.17.150
718,Russell,Collins,rcollinsjx@dedecms.com,Male,111.100.87.44
719,Amy,Perry,aperryjy@mapquest.com,Female,45.244.167.184
720,Nicholas,Romero,nromerojz@hostgator.com,Male,101.244.160.80
721,Jerry,Hanson,jhansonk0@friendfeed.com,Male,18.196.111.138
722,Joseph,Little,jlittlek1@opensource.org,Male,238.186.127.0
723,Timothy,Ward,twardk2@theglobeandmail.com,Male,185.207.170.58
724,Jacqueline,Ortiz,jortizk3@amazonaws.com,Female,208.254.78.217
725,Chris,Alvarez,calvarezk4@yale.edu,Male,48.20.254.132
726,Teresa,Kennedy,tkennedyk5@howstuffworks.com,Female,192.209.188.240
727,Sharon,Hill,shillk6@fotki.com,Female,155.215.255.78
728,Timothy,Riley,trileyk7@wordpress.com,Male,205.194.102.14
729,Donna,Reid,dreidk8@fotki.com,Female,92.188.110.92
730,Jeremy,Ortiz,jortizk9@ed.gov,Male,233.82.193.85
731,Jacqueline,Fuller,jfullerka@youku.com,Female,114.227.117.133
732,Steve,Crawford,scrawfordkb@hexun.com,Male,33.185.164.6
733,Wayne,Burke,wburkekc@blinklist.com,Male,212.43.51.210
734,Mark,Kelley,mkelleykd@storify.com,Male,65.139.37.27
735,Bruce,Romero,bromeroke@home.pl,Male,150.28.88.202
736,Jimmy,Gibson,jgibsonkf@tiny.cc,Male,207.50.165.161
737,Janice,Weaver,jweaverkg@time.com,Female,250.25.152.61
738,Kathryn,Phillips,kphillipskh@ucoz.com,Female,186.58.255.245
739,Frank,Shaw,fshawki@addtoany.com,Male,18.72.249.224
740,Shawn,West,swestkj@angelfire.com,Male,120.129.159.183
741,Nicole,Nichols,nnicholskk@rediff.com,Female,46.212.237.111
742,Maria,Bishop,mbishopkl@oracle.com,Female,230.95.228.128
743,Ernest,Watson,ewatsonkm@tuttocitta.it,Male,227.244.58.214
744,Philip,Johnston,pjohnstonkn@prlog.org,Male,207.78.105.179
745,William,Perez,wperezko@reddit.com,Male,64.228.148.109
746,Anna,Kelly,akellykp@cbsnews.com,Female,250.190.242.37
747,Robin,Perkins,rperkinskq@unicef.org,Female,162.88.76.191
748,Ashley,Thomas,athomaskr@scientificamerican.com,Female,27.166.62.114
749,Louis,Kim,lkimks@sitemeter.com,Male,198.155.175.103
750,Jimmy,Graham,jgrahamkt@joomla.org,Male,31.204.65.17
751,Craig,Fox,cfoxku@google.co.uk,Male,90.150.180.73
752,Karen,Richards,krichardskv@army.mil,Female,122.13.20.179
753,Harry,Payne,hpaynekw@yelp.com,Male,13.81.115.218
754,Phyllis,Robinson,probinsonkx@jimdo.com,Female,62.125.172.252
755,Beverly,Harrison,bharrisonky@nbcnews.com,Female,49.31.142.5
756,Earl,Peters,epeterskz@amazon.de,Male,143.153.249.137
757,Teresa,Carroll,tcarrolll0@4shared.com,Female,14.82.95.217
758,Lisa,Montgomery,lmontgomeryl1@sfgate.com,Female,52.204.100.236
759,Dorothy,Bowman,dbowmanl2@bbb.org,Female,234.67.84.51
760,Steven,Fox,sfoxl3@linkedin.com,Male,248.193.179.4
761,Rebecca,Chavez,rchavezl4@china.com.cn,Female,114.131.88.26
762,Helen,Mendoza,hmendozal5@rediff.com,Female,157.249.113.99
763,Juan,Rivera,jriveral6@sakura.ne.jp,Male,161.52.212.233
764,Martin,Diaz,mdiazl7@woothemes.com,Male,224.0.106.84
765,Gary,Brooks,gbrooksl8@newsvine.com,Male,222.134.134.248
766,Russell,Phillips,rphillipsl9@merriam-webster.com,Male,148.164.178.51
767,Evelyn,Hernandez,ehernandezla@apple.com,Female,1.148.164.181
768,Shawn,Martin,smartinlb@posterous.com,Male,22.161.186.188
769,Gerald,Welch,gwelchlc@twitter.com,Male,175.79.220.209
770,Theresa,Hanson,thansonld@pagesperso-orange.fr,Female,21.163.158.171
771,Peter,Phillips,pphillipsle@angelfire.com,Male,204.162.1.48
772,Andrew,Shaw,ashawlf@pagesperso-orange.fr,Male,222.91.147.241
773,Todd,Carpenter,tcarpenterlg@kickstarter.com,Male,65.240.64.219
774,Jessica,Thompson,jthompsonlh@skype.com,Female,172.13.3.243
775,Peter,Dunn,pdunnli@shinystat.com,Male,99.185.43.138
776,Albert,Young,ayounglj@seesaa.net,Male,193.223.207.75
777,Alan,Jordan,ajordanlk@taobao.com,Male,64.128.113.25
778,Christopher,Shaw,cshawll@apple.com,Male,18.89.199.53
779,Andrew,Carroll,acarrolllm@example.com,Male,28.46.119.125
780,Jennifer,Torres,jtorresln@dion.ne.jp,Female,181.118.53.94
781,Timothy,Gonzalez,tgonzalezlo@booking.com,Male,3.228.216.148
782,Kelly,Gomez,kgomezlp@npr.org,Female,109.238.104.171
783,Richard,Robinson,rrobinsonlq@tiny.cc,Male,39.235.49.253
784,Betty,Wright,bwrightlr@slideshare.net,Female,143.148.110.116
785,Betty,Elliott,belliottls@mapy.cz,Female,221.68.190.76
786,Roy,Hanson,rhansonlt@answers.com,Male,22.115.248.194
787,Jason,Snyder,jsnyderlu@eventbrite.com,Male,207.72.70.56
788,Carlos,Armstrong,carmstronglv@spotify.com,Male,8.51.92.7
789,Denise,Dixon,ddixonlw@bing.com,Female,246.20.103.190
790,Kelly,Harper,kharperlx@yolasite.com,Female,126.216.178.177
791,Jason,Ryan,jryanly@epa.gov,Male,4.100.183.180
792,Julia,Smith,jsmithlz@ucsd.edu,Female,253.112.196.208
793,Sandra,Banks,sbanksm0@forbes.com,Female,80.228.241.231
794,Ronald,Wallace,rwallacem1@google.ru,Male,188.118.99.37
795,Bobby,Berry,bberrym2@uol.com.br,Male,245.5.170.131
796,Heather,Riley,hrileym3@csmonitor.com,Female,188.218.108.122
797,Louis,Miller,lmillerm4@businessweek.com,Male,179.147.65.208
798,Eugene,Larson,elarsonm5@typepad.com,Male,69.201.13.100
799,Lawrence,Ortiz,lortizm6@stumbleupon.com,Male,147.13.1.142
800,Katherine,Powell,kpowellm7@businessinsider.com,Female,78.162.25.10
801,Judith,Davis,jdavism8@mit.edu,Female,71.64.1.61
802,Tammy,Elliott,telliottm9@princeton.edu,Female,77.14.36.123
803,Michael,Long,mlongma@indiegogo.com,Male,6.128.173.136
804,Nicole,Freeman,nfreemanmb@google.es,Female,172.91.25.216
805,Katherine,Alvarez,kalvarezmc@baidu.com,Female,123.214.118.62
806,Keith,Roberts,krobertsmd@jigsy.com,Male,2.198.4.210
807,Phyllis,Payne,ppayneme@zimbio.com,Female,172.215.66.107
808,Brenda,Andrews,bandrewsmf@blogtalkradio.com,Female,220.49.194.190
809,Helen,Foster,hfostermg@joomla.org,Female,219.132.99.4
810,Willie,Fowler,wfowlermh@rambler.ru,Male,108.53.22.110
811,Raymond,Watkins,rwatkinsmi@nih.gov,Male,209.49.183.101
812,Adam,Simmons,asimmonsmj@scribd.com,Male,149.33.24.88
813,Jeremy,Sanders,jsandersmk@livejournal.com,Male,200.205.131.79
814,Ronald,Bishop,rbishopml@mashable.com,Male,239.72.38.109
815,Daniel,Richardson,drichardsonmm@reuters.com,Male,152.116.86.163
816,Lois,Stevens,lstevensmn@posterous.com,Female,176.121.172.171
817,Christine,Carroll,ccarrollmo@huffingtonpost.com,Female,123.87.230.35
818,Earl,Medina,emedinamp@sphinn.com,Male,6.167.24.241
819,Ralph,Andrews,randrewsmq@hostgator.com,Male,176.69.137.103
820,Kenneth,Flores,kfloresmr@hugedomains.com,Male,103.240.207.58
821,Tina,Dean,tdeanms@ifeng.com,Female,196.192.216.122
822,Eugene,Peters,epetersmt@delicious.com,Male,143.14.109.234
823,Ryan,Henry,rhenrymu@jugem.jp,Male,94.212.162.219
824,Henry,Campbell,hcampbellmv@desdev.cn,Male,104.150.144.14
825,Timothy,Richards,trichardsmw@scientificamerican.com,Male,131.91.6.221
826,Kathryn,Duncan,kduncanmx@altervista.org,Female,134.51.52.218
827,Wayne,Nguyen,wnguyenmy@github.com,Male,123.48.60.198
828,Heather,Bell,hbellmz@php.net,Female,219.197.213.237
829,Louis,Mccoy,lmccoyn0@gov.uk,Male,145.223.59.34
830,Walter,Myers,wmyersn1@google.com.hk,Male,164.159.161.132
831,Janice,Perez,jperezn2@bloomberg.com,Female,206.111.190.149
832,Kathy,Henderson,khendersonn3@tinypic.com,Female,110.0.107.15
833,Annie,Ford,afordn4@squarespace.com,Female,26.187.141.238
834,Chris,Woods,cwoodsn5@gnu.org,Male,12.77.85.27
835,Marilyn,Perkins,mperkinsn6@intel.com,Female,77.42.129.85
836,Frances,Kelly,fkellyn7@guardian.co.uk,Female,29.77.92.157
837,Judy,Hayes,jhayesn8@yandex.ru,Female,64.172.239.136
838,Christina,Hicks,chicksn9@reference.com,Female,1.106.157.79
839,Howard,Mason,hmasonna@yahoo.com,Male,131.148.110.130
840,Antonio,Ramos,aramosnb@squidoo.com,Male,22.231.133.7
841,Johnny,Greene,jgreenenc@ning.com,Male,129.246.130.44
842,Victor,Ross,vrossnd@sphinn.com,Male,68.106.10.62
843,Gerald,Chavez,gchavezne@slashdot.org,Male,197.222.92.7
844,Kathy,Tucker,ktuckernf@amazon.co.uk,Female,159.213.177.90
845,Phyllis,Miller,pmillerng@cloudflare.com,Female,213.191.141.242
846,Christine,Parker,cparkernh@sciencedaily.com,Female,112.153.245.180
847,Jessica,Gutierrez,jgutierrezni@deliciousdays.com,Female,124.76.80.153
848,Jimmy,Alvarez,jalvareznj@ask.com,Male,70.58.119.183
849,Nancy,Hunter,nhunternk@reverbnation.com,Female,160.51.147.83
850,Jerry,Lee,jleenl@thetimes.co.uk,Male,50.50.23.195
851,Diane,Peters,dpetersnm@arstechnica.com,Female,154.250.122.141
852,Amy,Hall,ahallnn@tamu.edu,Female,173.162.127.169
853,Nicholas,Gordon,ngordonno@canalblog.com,Male,177.33.175.251
854,Russell,Wallace,rwallacenp@yahoo.com,Male,239.25.189.230
855,John,Woods,jwoodsnq@biglobe.ne.jp,Male,58.54.44.248
856,Richard,Wallace,rwallacenr@de.vu,Male,173.230.232.98
857,Timothy,Dean,tdeanns@desdev.cn,Male,102.34.244.37
858,Andrew,Griffin,agriffinnt@jalbum.net,Male,155.248.204.192
859,Elizabeth,Black,eblacknu@163.com,Female,113.15.202.199
860,Deborah,Montgomery,dmontgomerynv@tumblr.com,Female,103.67.31.79
861,Phillip,Fuller,pfullernw@skyrock.com,Male,168.82.105.252
862,Jennifer,Jackson,jjacksonnx@ihg.com,Female,239.154.208.24
863,Ronald,Boyd,rboydny@360.cn,Male,154.50.47.36
864,Jason,Webb,jwebbnz@unblog.fr,Male,252.225.209.14
865,Emily,Pierce,epierceo0@icq.com,Female,80.58.10.168
866,Catherine,West,cwesto1@irs.gov,Female,201.143.18.251
867,Brandon,Lewis,blewiso2@spotify.com,Male,224.12.63.238
868,Christine,Nelson,cnelsono3@nyu.edu,Female,206.233.125.64
869,Elizabeth,Coleman,ecolemano4@bravesites.com,Female,243.183.117.221
870,Michael,Montgomery,mmontgomeryo5@webnode.com,Male,99.13.232.228
871,Tina,Ramirez,tramirezo6@live.com,Female,217.215.114.92
872,Judith,Garcia,jgarciao7@mashable.com,Female,87.162.87.100
873,Gary,Sanchez,gsanchezo8@instagram.com,Male,77.47.150.18
874,Willie,Wagner,wwagnero9@newsvine.com,Male,226.54.10.253
875,Kathy,Shaw,kshawoa@geocities.jp,Female,89.180.18.11
876,Stephen,Fowler,sfowlerob@paypal.com,Male,123.137.95.140
877,Sarah,Dunn,sdunnoc@theatlantic.com,Female,169.67.23.200
878,Gerald,Bailey,gbaileyod@bizjournals.com,Male,156.195.63.80
879,Norma,Perez,nperezoe@nationalgeographic.com,Female,101.117.23.26
880,Jacqueline,Foster,jfosterof@mysql.com,Female,157.177.131.180
881,Johnny,Green,jgreenog@bandcamp.com,Male,79.250.212.81
882,Lisa,Reynolds,lreynoldsoh@umich.edu,Female,108.120.73.95
883,Lisa,Romero,lromerooi@ft.com,Female,3.224.192.227
884,Heather,Harris,hharrisoj@theguardian.com,Female,212.178.203.147
885,Billy,Diaz,bdiazok@slideshare.net,Male,82.96.113.239
886,Amy,Harvey,aharveyol@xinhuanet.com,Female,45.80.78.7
887,Marilyn,Moore,mmooreom@usa.gov,Female,91.43.174.173
888,Janet,Hudson,jhudsonon@acquirethisname.com,Female,92.2.165.231
889,Joe,Freeman,jfreemanoo@weebly.com,Male,89.119.50.78
890,Sharon,Kelley,skelleyop@prnewswire.com,Female,151.105.158.203
891,Gregory,Rodriguez,grodriguezoq@mozilla.org,Male,41.199.82.127
892,Carol,Hall,challor@china.com.cn,Female,142.54.144.45
893,Cheryl,Hall,challos@state.tx.us,Female,170.155.71.2
894,Steven,Mason,smasonot@samsung.com,Male,69.28.22.55
895,Jean,Howell,jhowellou@jigsy.com,Female,178.45.44.150
896,Fred,Bell,fbellov@macromedia.com,Male,21.33.5.98
897,Philip,Flores,pfloresow@free.fr,Male,193.187.60.61
898,Todd,Gibson,tgibsonox@mac.com,Male,7.171.178.54
899,Russell,Gibson,rgibsonoy@sourceforge.net,Male,29.48.106.140
900,Ryan,Ford,rfordoz@w3.org,Male,4.155.92.217
901,Lisa,Rose,lrosep0@arizona.edu,Female,22.5.39.130
902,Sharon,Foster,sfosterp1@last.fm,Female,31.101.68.76
903,Bobby,Rice,bricep2@edublogs.org,Male,69.61.29.67
904,Terry,Frazier,tfrazierp3@gravatar.com,Male,46.238.27.32
905,Jesse,Collins,jcollinsp4@yolasite.com,Male,220.72.176.75
906,Joe,Johnston,jjohnstonp5@feedburner.com,Male,121.254.29.212
907,Karen,Washington,kwashingtonp6@zdnet.com,Female,83.132.176.208
908,Julie,Torres,jtorresp7@usnews.com,Female,147.201.28.41
909,Jessica,Ortiz,jortizp8@chicagotribune.com,Female,186.218.221.43
910,Wayne,Brooks,wbrooksp9@microsoft.com,Male,203.80.214.220
911,Teresa,Alvarez,talvarezpa@amazon.co.uk,Female,128.107.49.236
912,Roger,Watkins,rwatkinspb@wp.com,Male,171.251.63.1
913,Timothy,Morgan,tmorganpc@bigcartel.com,Male,179.237.131.172
914,Clarence,Reed,creedpd@springer.com,Male,108.25.219.75
915,Alan,Morrison,amorrisonpe@aol.com,Male,185.237.185.95
916,Chris,Perry,cperrypf@chicagotribune.com,Male,248.60.16.250
917,Edward,Rose,erosepg@japanpost.jp,Male,249.230.179.143
918,Jose,Fox,jfoxph@phoca.cz,Male,164.83.17.195
919,Arthur,Larson,alarsonpi@feedburner.com,Male,158.12.206.250
920,Stephanie,Sanchez,ssanchezpj@usgs.gov,Female,215.101.8.234
921,Howard,Hudson,hhudsonpk@miitbeian.gov.cn,Male,161.199.85.195
922,Ruby,Scott,rscottpl@posterous.com,Female,188.248.165.94
923,Doris,Mccoy,dmccoypm@dailymail.co.uk,Female,91.0.102.85
924,Susan,Brooks,sbrookspn@tiny.cc,Female,120.64.234.6
925,Christine,Jacobs,cjacobspo@purevolume.com,Female,5.228.238.123
926,Shawn,Pierce,spiercepp@who.int,Male,72.94.170.101
927,Melissa,Elliott,melliottpq@miitbeian.gov.cn,Female,32.199.56.138
928,Kelly,Jones,kjonespr@e-recht24.de,Female,222.40.44.0
929,Aaron,Hicks,ahicksps@indiatimes.com,Male,28.48.193.138
930,Dorothy,Hawkins,dhawkinspt@opensource.org,Female,43.38.83.233
931,Daniel,Mccoy,dmccoypu@ezinearticles.com,Male,174.232.208.2
932,Lawrence,Thomas,lthomaspv@constantcontact.com,Male,203.162.73.9
933,Ernest,Lopez,elopezpw@prweb.com,Male,186.6.190.14
934,Roger,Crawford,rcrawfordpx@sbwire.com,Male,255.177.144.142
935,Patrick,Stephens,pstephenspy@alexa.com,Male,110.19.39.221
936,Mark,Jackson,mjacksonpz@yandex.ru,Male,235.13.247.146
937,Kevin,Edwards,kedwardsq0@fotki.com,Male,200.191.215.166
938,Janice,Brooks,jbrooksq1@gmpg.org,Female,209.54.135.174
939,Lawrence,Marshall,lmarshallq2@nih.gov,Male,27.223.181.85
940,Ryan,Frazier,rfrazierq3@utexas.edu,Male,239.147.127.161
941,Kelly,Lewis,klewisq4@posterous.com,Female,211.147.82.107
942,Philip,Gordon,pgordonq5@yolasite.com,Male,213.190.115.93
943,Roger,Evans,revansq6@liveinternet.ru,Male,118.6.62.12
944,Frances,Ferguson,ffergusonq7@cnet.com,Female,119.94.74.145
945,David,Fields,dfieldsq8@behance.net,Male,127.91.7.125
946,Barbara,Campbell,bcampbellq9@weather.com,Female,135.222.187.54
947,Annie,Brooks,abrooksqa@ucla.edu,Female,202.186.160.161
948,Julie,Sims,jsimsqb@studiopress.com,Female,221.21.86.126
949,Aaron,Garza,agarzaqc@timesonline.co.uk,Male,123.185.3.6
950,Jimmy,Sullivan,jsullivanqd@gnu.org,Male,83.31.18.115
951,Brian,White,bwhiteqe@list-manage.com,Male,235.226.221.209
952,Joe,Jones,jjonesqf@sciencedirect.com,Male,247.221.19.105
953,Clarence,Alvarez,calvarezqg@mozilla.org,Male,72.59.46.28
954,Carolyn,Ward,cwardqh@ftc.gov,Female,220.200.77.249
955,Victor,Hughes,vhughesqi@naver.com,Male,99.138.112.70
956,Christopher,Schmidt,cschmidtqj@telegraph.co.uk,Male,95.158.89.89
957,George,Hudson,ghudsonqk@soup.io,Male,120.166.33.209
958,Eric,Robinson,erobinsonql@ox.ac.uk,Male,159.146.84.39
959,Steve,Berry,sberryqm@1688.com,Male,218.62.26.128
960,Angela,Torres,atorresqn@yelp.com,Female,172.149.34.84
961,Mark,Ramirez,mramirezqo@washingtonpost.com,Male,25.116.115.33
962,Arthur,Turner,aturnerqp@mashable.com,Male,236.85.111.32
963,Judith,Garcia,jgarciaqq@google.it,Female,163.246.40.48
964,Frances,Harper,fharperqr@nhs.uk,Female,166.45.84.132
965,Brandon,Willis,bwillisqs@imgur.com,Male,147.99.97.161
966,Lois,Duncan,lduncanqt@dion.ne.jp,Female,143.129.194.9
967,Carl,Lopez,clopezqu@nyu.edu,Male,166.96.88.119
968,Christopher,Ward,cwardqv@discovery.com,Male,103.47.131.253
969,Juan,Price,jpriceqw@youku.com,Male,132.213.169.97
970,Lisa,Gibson,lgibsonqx@nymag.com,Female,235.54.37.112
971,Melissa,Lane,mlaneqy@archive.org,Female,124.147.216.1
972,Virginia,Sims,vsimsqz@npr.org,Female,140.92.187.171
973,Jean,Gray,jgrayr0@wikia.com,Female,181.41.121.102
974,Mark,Hicks,mhicksr1@java.com,Male,242.195.112.163
975,Robin,Armstrong,rarmstrongr2@stanford.edu,Female,35.199.83.141
976,Lillian,Hanson,lhansonr3@statcounter.com,Female,73.114.3.250
977,Kenneth,Tucker,ktuckerr4@skyrock.com,Male,156.66.66.240
978,Alice,Rose,aroser5@mapquest.com,Female,93.244.121.140
979,Diane,Ruiz,druizr6@dedecms.com,Female,174.19.133.101
980,Alan,Robinson,arobinsonr7@hatena.ne.jp,Male,151.154.47.156
981,Lawrence,Olson,lolsonr8@mayoclinic.com,Male,184.95.170.204
982,Richard,Fowler,rfowlerr9@deliciousdays.com,Male,34.245.98.248
983,Laura,Wells,lwellsra@live.com,Female,89.238.63.207
984,Scott,Nelson,snelsonrb@freewebs.com,Male,77.63.239.25
985,Ashley,Palmer,apalmerrc@instagram.com,Female,18.59.12.8
986,Wanda,Burns,wburnsrd@forbes.com,Female,35.102.30.63
987,Craig,Robinson,crobinsonre@technorati.com,Male,34.94.251.225
988,Marie,Murphy,mmurphyrf@blogspot.com,Female,176.38.237.155
989,Alan,West,awestrg@feedburner.com,Male,114.73.32.185
990,Judy,Morris,jmorrisrh@army.mil,Female,8.184.213.209
991,Gary,Alexander,galexanderri@hubpages.com,Male,69.39.140.228
992,Debra,Dixon,ddixonrj@github.io,Female,68.7.137.37
993,Ernest,Collins,ecollinsrk@wikispaces.com,Male,13.201.120.167
994,Matthew,Turner,mturnerrl@dion.ne.jp,Male,105.106.210.246
995,Jane,Roberts,jrobertsrm@huffingtonpost.com,Female,76.159.203.190
996,Anthony,Ford,afordrn@nsw.gov.au,Male,69.226.82.40
997,Scott,Perry,sperryro@cdbaby.com,Male,182.94.89.234
998,Julia,Wagner,jwagnerrp@soundcloud.com,Female,239.27.186.46
999,Johnny,Knight,jknightrq@bbb.org,Male,3.252.92.77
1000,Jonathan,Garcia,jgarciarr@lulu.com,Male,131.243.117.5
